Continent,Avg Temperature (°C),Median Temperature (°C),Std Temperature (°C),Min Temperature (°C),Max Temperature (°C),Avg Humidity (%),Median Humidity (%),Std Humidity (%),Min Humidity (%),Max Humidity (%),Avg Wind Speed (m/s),Median Wind Speed (m/s),Std Wind Speed (m/s),Min Wind Speed (m/s),Max Wind Speed (m/s)
Africa,22.72,24.305,4.10731055558257,15.77,27.18,77.625,78.0,10.742937879635827,65,92,1.83625,1.8,1.5260681271068566,0.0,4.58
Asia,24.73,24.700000000000003,2.627839960336789,21.44,28.99,75.375,74.0,10.308630226313152,58,89,3.05625,2.785,1.670764901816787,1.03,5.14
Australia,21.935,22.685,3.8663641096735093,15.92,27.93,65.125,62.0,7.772432970808708,56,78,4.595,4.115,2.4820958885586992,1.79,7.6
Europe,8.44125,9.055,3.8584283902720213,1.65,13.19,80.875,81.5,11.063937557927298,61,96,3.4050000000000002,2.885,2.0184506080513485,1.45,6.65
North America,15.36375,17.195,3.707197391561447,9.57,18.8,65.0,68.5,14.182484166846693,46,80,5.42625,4.63,1.6038964831220963,4.12,8.23
South America,19.35,18.63,2.160006613746488,17.17,23.2,81.375,81.5,4.53360468375568,74,90,5.0725,5.0649999999999995,1.2919503528718566,3.09,6.69
