,Temperature (°C),Humidity (%),Wind Speed (m/s)
Temperature (°C),1.0,0.11007734679416979,-0.5015374541474579
Humidity (%),0.11007734679416979,1.0,-0.27498201396941346
Wind Speed (m/s),-0.5015374541474579,-0.27498201396941346,1.0
